종목명,
현대로템,
한화오션,
LG화학,
이수페타시스,
NAVER,
한화에어로스페이스,
S-Oil,
우리금융지주,
HD한국조선해양,
SK스퀘어,
SK,
현대차2우B,
한미반도체,
금호석유화학,
대한항공,
OCI홀딩스,
한국가스공사,
한화솔루션,
삼성전자우,
삼성E&A,
에코프로,
로킷헬스케어,
알테오젠,
하나마이크론,
이엔에프테크놀로지,
동진쎄미켐,
이오테크닉스,
보로노이,
로보스타,
우리기술투자,
솔브레인,
ISC,
티씨케이,
한솔아이원스,
로보티즈,
유니테스트,
케이엔알시스템,
하이드로리튬,
티에프이,
와이지엔터테인먼트,
SK하이닉스,
삼성전자,
LG에너지솔루션,
한화오션,
한화에어로스페이스,
LG화학,
두산,
HD현대중공업,
KB금융,
현대로템,
신한지주,
HD한국조선해양,
POSCO홀딩스,
S-Oil,
효성중공업,
삼성바이오로직스,
SK이노베이션,
하나금융지주,
LS ELECTRIC,
하이브,
신성델타테크,
에스앤에스텍,
넥스틴,
한스바이오메드,
리노공업,
코스메카코리아,
실리콘투,
원익IPS,
테크윙,
씨에스베어링,
JYP Ent.,
디앤디파마텍,
리가켐바이오,
SAMG엔터,
엘티씨,
HPSP,
케어젠,
에프에스티,
한중엔시에스,
아이티켐,
